joer,71,TIBCO
narendrab,168,TIBCO
kathleenr,52,TIBCO
megan,122,Family
nkanungo,75,TIBCO
billd,78,StatSoftFul
pamg,131,StatSoftFul
mariannac,113,StatSoftFul
scottb,240,StatSoftFul
billc,130,StatSoftFul
akk,70,Family
stevemil,88,StatSoftFul
timh,92,StatSoftFul
mcisnero,32,TIBCO
wins,70,StatSoftFul
josephk,89,Family
kima,85,StatSoftFul
stevem,56,StatSoftFul
yengb,141,StatSoftFul
rajivb,75,TIBCO
tiffanyk,76,Family
jackik,86,Family
snehab,130,TIBCO
melissap,72,Family
nicolem,76,TIBCO
scottb,240,StatSoftFul
kristinae,109,StatSoftFul
austinp,60,Family
chuckt,60,StatSoftFul
rachelf,87,TIBCO
kirstens,67,TIBCO
sergez,29,TIBCO
stevee,220,StatSoftFul
jagratam,48,TIBCO
deborahk,42,StatSoftFul
bettyp,48,StatSoftFul
jillg,62,StatSoftFul
skk,93,Family
bridgetk,63,Family
laurak,127,Family
dawnk,157,Family
patriciak,300,Family
hannahk,273,Family
